{
  "client": {
    "id": "cmesk58jc0001v21sya9bo63l",
    "name": "John Doe",
    "email": "john.doe@test.com",
    "phone": null,
    "dateOfBirth": null,
    "gender": null,
    "isTruckDriver": true,
    "dotNumber": null,
    "cdlNumber": null,
    "status": "SIGNED_UP",
    "healthGoals": null,
    "medications": null,
    "conditions": null,
    "allergies": null,
    "createdAt": "2025-08-26T13:04:12.406Z",
    "lastVisit": null
  },
  "assessments": [
    {
      "id": "test-assessment-001",
      "status": "completed",
      "startedAt": "2025-08-25T10:00:00.000Z",
      "completedAt": "2025-08-25T10:45:00.000Z",
      "responses": [
        {
          "questionId": 1,
          "questionText": "Do you experience bloating after meals?",
          "category": "Digestive Health",
          "score": 4,
          "answeredAt": "2025-08-25T10:05:00.000Z"
        },
        {
          "questionId": 2,
          "questionText": "How often do you feel fatigued in the afternoon?",
          "category": "Energy & Vitality",
          "score": 5,
          "answeredAt": "2025-08-25T10:10:00.000Z"
        },
        {
          "questionId": 3,
          "questionText": "Do you have difficulty falling asleep?",
          "category": "Sleep Quality",
          "score": 3,
          "answeredAt": "2025-08-25T10:15:00.000Z"
        },
        {
          "questionId": 4,
          "questionText": "How would you rate your stress levels?",
          "category": "Stress & Mental Health",
          "score": 4,
          "answeredAt": "2025-08-25T10:20:00.000Z"
        },
        {
          "questionId": 5,
          "questionText": "Do you experience sugar cravings?",
          "category": "Blood Sugar Balance",
          "score": 5,
          "answeredAt": "2025-08-25T10:25:00.000Z"
        }
      ],
      "totalQuestions": 5,
      "averageScore": 4.2
    }
  ],
  "documents": [
    {
      "id": "cmesktso90005v22dnduy7pyb",
      "fileName": "NAQ-Questions-Answers.pdf",
      "fileType": "application/pdf",
      "uploadedAt": "2025-08-26T13:23:18.231Z",
      "extractedText": null,
      "documentType": "UNKNOWN",
      "labType": null,
      "analysisStatus": "PENDING",
      "analysis": [],
      "labValues": []
    },
    {
      "id": "cmesktso90004v22dspfvv67m",
      "fileName": "Symptom-Burden-Bar-Graph (1).pdf",
      "fileType": "application/pdf",
      "uploadedAt": "2025-08-26T13:23:18.231Z",
      "extractedText": null,
      "documentType": "UNKNOWN",
      "labType": null,
      "analysisStatus": "PENDING",
      "analysis": [],
      "labValues": []
    },
    {
      "id": "cmesktsns0001v22dp0spynzq",
      "fileName": "Symptom-Burden-Report.pdf",
      "fileType": "application/pdf",
      "uploadedAt": "2025-08-26T13:23:18.230Z",
      "extractedText": null,
      "documentType": "UNKNOWN",
      "labType": null,
      "analysisStatus": "PENDING",
      "analysis": [],
      "labValues": []
    }
  ],
  "notes": [
    {
      "id": "note-002",
      "noteType": "COACHING",
      "title": "2-Week Follow-up Coaching Session",
      "chiefComplaints": null,
      "healthHistory": null,
      "currentMedications": null,
      "goals": null,
      "protocolAdjustments": "Increased digestive enzyme dosage based on continued bloating symptoms",
      "complianceNotes": "Client reports 80% compliance with supplement protocol, struggling with meal timing due to driving schedule",
      "progressMetrics": "Energy levels improved 30%, sleep quality up from 3/10 to 6/10",
      "nextSteps": "Adjust meal prep strategies, introduce portable healthy snacks",
      "generalNotes": null,
      "isImportant": false,
      "followUpNeeded": true,
      "createdAt": "2025-08-26T10:00:00.000Z"
    },
    {
      "id": "note-001",
      "noteType": "INTERVIEW",
      "title": "Initial Functional Medicine Assessment",
      "chiefComplaints": "Chronic fatigue, digestive issues, afternoon energy crashes",
      "healthHistory": "Long-haul truck driver experiencing increasing fatigue over past 6 months. Reports irregular eating patterns, high stress, poor sleep quality.",
      "currentMedications": null,
      "goals": "Improve energy levels, optimize digestion, establish healthier eating routine",
      "protocolAdjustments": null,
      "complianceNotes": null,
      "progressMetrics": null,
      "nextSteps": "Start with digestive support protocol, stress management techniques, and sleep hygiene improvements",
      "generalNotes": null,
      "isImportant": true,
      "followUpNeeded": true,
      "createdAt": "2025-08-25T11:00:00.000Z"
    }
  ],
  "protocols": [
    {
      "id": "protocol-001",
      "protocolName": "Digestive Health & Energy Optimization Protocol",
      "status": "active",
      "supplements": {
        "items": [
          {
            "name": "Digestive Enzymes",
            "dosage": "2 capsules with meals",
            "timing": "Before eating",
            "duration": "8 weeks"
          },
          {
            "name": "Magnesium Glycinate",
            "dosage": "400mg",
            "timing": "Before bed",
            "duration": "Ongoing"
          },
          {
            "name": "Adaptogenic Complex",
            "dosage": "1 capsule",
            "timing": "Morning",
            "duration": "12 weeks"
          }
        ]
      },
      "dietary": {
        "hydration": "Half body weight in ounces of water daily",
        "guidelines": [
          "Eliminate refined sugars for 4 weeks",
          "Increase fiber intake to 35g daily",
          "Eat protein with every meal",
          "Limit caffeine after 2pm"
        ],
        "meal_timing": "Eat every 3-4 hours"
      },
      "lifestyle": {
        "sleep_target": "7-8 hours nightly",
        "exercise_goal": "30 minutes moderate activity 5x weekly",
        "recommendations": [
          "15-minute morning walk daily",
          "Deep breathing exercises 2x daily",
          "Sleep hygiene protocol",
          "Stress management techniques"
        ]
      },
      "timeline": {
        "phase1": {
          "focus": "Digestive healing and energy stabilization",
          "duration": "4 weeks"
        },
        "phase2": {
          "focus": "Stress adaptation and sleep optimization",
          "duration": "4 weeks"
        },
        "phase3": {
          "focus": "Maintenance and long-term sustainability",
          "duration": "4 weeks"
        }
      },
      "metrics": {
        "energy_scale": "1-10 daily rating",
        "weight_trend": "Weekly measurements",
        "sleep_quality": "1-10 daily rating",
        "digestive_symptoms": "Weekly bloating/discomfort tracking"
      },
      "createdAt": "2025-08-25T11:30:00.000Z",
      "completedAt": null
    }
  ],
  "exportMetadata": {
    "exportedAt": "2025-08-27T19:02:24.515Z",
    "exportedBy": "admin@test.com",
    "version": "1.0.0",
    "totalAssessments": 1,
    "totalDocuments": 3,
    "totalNotes": 2,
    "totalProtocols": 1
  }
}